contract_id,norm_id_1,norm_id_2,norm1,norm2,conflict
466,82524,83696,"To this end, subject to any confidentiality agreements Solectron may have, Solectron will both inform and provide a commercially reasonable opportunity for acquisition of new and emerging Solectron and industry technology.",Solectron can choose not to inform new industry technologies produced by them,1
466,82758,83697,NCR shall pay the freight carrier directly.,NCR must pay the freight carrier making a back deposit,1
466,83164,83698,Products should be appropriately labeled with the European CE mark and any country specific requirements.,Products may be labeled with the European CE mark but shall not have any labels from country specific requirements,1
466,82857,83699,The Specifications may only be amended by the NCR design release process.,The Specifications shall not be amended by the NCR design release process,1
467,83836,83935,Each certificate shall state that the insurance carrier will give Seller and Buyer at least thirty (30) days written notice of any cancellation or material change in the terms and conditions of such policy during the periods of coverage.,Certificates shall state that the insurance carrier must give Seller and Buyer at least thirty (15) days written notice of any cancellation or material change in the terms and conditions of such policy during the periods of coverage,1
467,83737,83936,"Seller will engineer, permit, construct, finance, operate and maintain the Thermal Energy Production Facilities so as to produce and deliver Thermal Energy to Buyer at the agreed upon Points of Delivery.","Seller is not responsible for engineer, permit, construct, finance, operate and maintain the Thermal Energy Production Facilities",1
467,83873,83937,"In addition, Seller agrees to file a vendor registration if it has not already done so.",Seller shall not file any vendor registration,1
467,83779,83938,Seller shall use reasonable means to limit the duration of the outage and shall attempt to schedule chilled water outages during winter months and steam outages during summer 8 months.,Seller cannot make water outrages,1
468,84238,84293,"NONSOLICITATION OF EMPLOYEES (A) During the term of this Agreement neither Motorola nor ASE shall solicit any employee of the other for employment, either directly through any of its employees, * .",Motorola can solicit any employee of the other for employment,1
468,84034,84294,ASE shall establish a system to ensure all deliveries to be made on time.,ASE may deliver up to two hours after the stipulated time,1
468,84061,84295,(B) ASE shall dispose of any Scrap in accordance with applicable laws and Motorola's written instructions.,ASE may dispose of any Scrap in accordance with applicable laws and Motorola's written instructions,1
468,84027,84296,"The actual orders shall provide details regarding specific Contract Products, mix, * Certain information on this page has been omitted and filed separately with the Commission.","If the number of order is smaller than two, orders shall not provide details about Contract Products",1
468,84062,84297,"Upon request, ASE shall ship all Scrap to Motorola separately from any of the Contract Products or Bailed Property in clearlymarked boxes so as to identify the items contained therein.",ASE shall ship all Scrap to Motorola along with the Contract Products or Bailed Property,1
470,89640,89671,The terms of this Letter Agreement shall become effective immediately prior to the closing under the APA.,The terms of this Letter Agreement must not become effective immediately prior to the closing under the APA,1
470,89638,89672,"All capitalized terms used but not otherwise defined herein shall have the same meanings as are ascribed thereto in the SPA or the IRA, as indicated below.","All capitalized terms used but not otherwise defined herein shall not have the same meanings as are ascribed thereto in the SPA or the IRA, as indicated below",1
474,90191,90366,"All inquiries that Seller receives on a worldwide basis relative to Buyer's air chamber ""Products"" as specified in Exhibit III, shall be directed to Buyer.","All inquiries that Seller receives on a worldwide basis relative to Buyer's air chamber ""Products"" as specified in Exhibit III, must not be directed to Buyer.",1
474,90233,90367,Seller shall not be responsible and shall not pay any taxes or charges as outlined in above levied after delivery to Buyer.,Seller shall pay all taxes during the delivery to Buyer.,1
474,90191,90873,"All inquiries that Seller receives on a worldwide basis relative to Buyer's air chamber ""Products"" as specified in Exhibit III, shall be directed to Buyer.","Seller may not redirect inquires concerning Buyer's air chamber ""Products"".",1
478,91263,91397,"Unless otherwise agreed in writing or as set forth in the Packaging Specification, all Products will be packed and shipped in accordance with Adaptec's normal practices.",A shipped product must be packed following Government practices.,1
478,91226,91398,"Where applicable, Taxes shall appear as separate items on Adaptec's invoice.","If shipping products, the Taxes shall appear along the other items on Adaptec's invoice.",1
478,91281,91399,This RMA number must be referenced on all paperwork and shipping containers with respect to the returned Product.,"If shipping less than three products, RMA number shall not be referenced on the paperwork and shipping containers.",1
479,91420,92001,PAYMENT WILL BE MADE BY CODE See Article G.5.,A product payment can be performed using a transfer through bank accounts.,1
479,91651,92002,A 3% annual allowance for salary increases will be allowed for each of the subsequent years of each task if applicable.,Salary shall not be increased by more than 2% a year.,1
480,92039,92085,TEKNIKA shall pay to LSI the adjusted price for the Products within 15 business days of LSI's invoice for the Products.,TEKNIKA ought not pay to LSI the adjusted price for the Products.,1
481,92115,92317,"Only in the case of mobile shredders shall Ifco make available crates for shredding at the agreedupon Ifco depot, as well as transporting the completed granulate at its own costs to the production shops of SWS.",Ifco shall provide crates for shredding along with all sold products.,1
481,92103,92318,"As part of this contract, the crate types specified in greater detail in attachments 1 and 4 (designated in this contract as Ifco products) are to be produced and delivered by SWS to Ifco.",SWS must not produce crates.,1
481,92282,92319,"Even after termination of the contract, SWS shall retain ownership rights of all molded shapes existing for the manufacture of Ifco products.",SWS must retain all ownership rights of all molded shapes for the manufacture of Ifco products.,1
482,92370,92460,NOVOSTE has the right to supervise the agreed upon quality and shall be entitled to inspect the facility in which any part of the Product is been manufactured upon one (1) week's prior notice.,"Once signed, NOVOSTE shall not supervise the agreed upon quality.",1
482,92395,92461,Surcharge: BEBIG will make a substantial investment in the Sr90 seed production line upon the execution of this Agreement to ensure continuous production for a period of four (4) years.,BEBIG shall not make a investments in any seed production line.,1
482,92438,92462,"If such breach is not cured by reasonable measures by BEBIG within 90 days from the date of notice, then NOVOSTE may permit a third party manufacturer to utilize the said knowhow and intellectual property for the sole purpose of manufacturing product for NOVOSTE.",NOVOSTE must not allow a third party manufacturer to manufacture products to NOVOSTE.,1
483,92501,92575,"ACTII shall be responsible for all applicable taxes, including personal property and sales taxes, excluding any income taxes owing by Janssen (or its Affiliate designee).",ACTII is intended to be responsible for all applicable taxes applicable to Janssen.,1
483,92504,92576,"ACTII shall be responsible for the design, construction, equipment, validation and maintenance of the ACTII Facilities, including the Janssen Equipment.","Except for the Janssen Equipment, ACTII must be in charge of the all production processes involving ACTII Facilities.",1
483,92523,92577,No material changes may be made to the Headcount Plan without the prior approval of the Global Supply Team.,Parties may perform changes on materials whenever they want.,1
483,92522,92578,"The Global Supply Team shall periodically review and make any appropriate adjustments to the Headcount Plan, including both the Existing Headcount and the Incremental Headcount.","The Global Supply Team must not periodically review and make any appropriate adjustments to the Headcount Plan, including both the Existing Headcount and the Incremental Headcount.",1
483,92475,92579,"Each Reconciliation Credit during the calendar year 2003 shall be equal to nine hundred seventeen thousand U.S. dollars ($917,000).","Reconciliations made in 2003 must be equal to one million U.S. dollars ($1,000,000).",1
569,111015,111282,"In addition, Cubist will be consulted concerning any matters that could cause a delay in completion of the Facility.","In addition, Cubist may not be consulted concerning any matters that could cause a delay in completion of the Facility.",1
569,111186,111283,Cubist may also terminate this Agreement in the event that the FDA refuses to approve the Product.,Cubist may not terminate terminate this Agreement even in the event that the FDA refuses to approve the Product.,1
569,111074,111284,(b) Cubist shall not be required to pay DSM for any Product which has been property rejected in accordance with clause 3.11 sub (a).,(b) Cubist may be required to pay DSM for any Product which has been properly rejected in accordance with clause 3.11 sub (a).,1
569,111104,111285,Cubist shall at all times upon reasonable notice and during normal business hours have the right to inspect the Facility to ascertain compliance with GMPs.,"Cubist may not be, at all times and upon reasonable notice and normal business hours, denied an inspection of the Facility to ascertain compliance with GMPs.",1
571,111646,111735,"In March 2001, Celgene shall provide a firm order for Material for July through September, 2001 and a revised forecast for the months October, 2001 through June, 2002.","In March 2001, Celgene shall not provide a firm order for Material for July through September, 2001 and a revised forecast for the months October, 2001 through June, 2002.",1
571,111672,111736,Celgene shall have the right to defend and/or settle any such claim and JMI shall give Celgene such information and assistance as may be reasonably necessary in the conduct of such defense.,Celgene shall not have the right to defend and/or settle any such claim and JMI shall not give Celgene such information and assistance as may be reasonably necessary in the conduct of such defense.,1
571,111666,111737,"In the event that JMI fails to replace the Material or fails to do so within the time period stated, Celgene shall have the right to demand a credit of the purchase price therefor.","In the event that JMI fails to replace the Material or fails to do so within the time period stated, Celgene may have the right to demand a credit of the purchase price therefor.",1
571,111655,111738,7.3 JMI will provide Celgene with the results of all assays required to be run under the Specifications.,7.3 JMI will not provide Celgene with the results of all assays required to be run under the Specifications.,1
571,111673,111741,JMI shall have the right to participate in such defense at its cost.,JMI may have the right to participate in such defense at its cost.,1
571,111688,111740,PAYMENT 10.1 Celgene will remit payment in U.S. dollars within thirty (30) days from the date of the invoice.,PAYMENT 10.1 Celgene will not remit payment in U.S. dollars within thirty (30) days from the date of the invoice.,1
571,111673,111741,JMI shall have the right to participate in such defense at its cost.,JMI may have the right to participate in such defense at its cost.,1
572,111939,111819,CoPacker will assume no costs of transportation and handling for such rejected Products.,CoPacker shall assume all costs of transportation and handling both ways for such rejected Products.,1
572,111940,111777,"CoPacker shall label all Products using artwork, graphics, and label copy that WWI may furnish.","CoPacker shall label all Products using artwork, graphics, and label copy that WWI shall furnish.",1
572,111941,111801,CoPacker may furnish to WWI insufficient information to verify shipment of the Products.,CoPacker shall furnish to WWI sufficient information to verify shipment of the Products.,1
572,111771,111942,"CoPacker shall manufacture the Products at its processing facilities at Irwindale and Los Angeles, California or at such other facility as WWI and CoPacker shall mutually agree (the ""Factory"").","CoPacker shall manufacture the Products at its processing facilities at Irwindale and Los Angeles, Califronia or at such other facility as WWI and CoPacker may not mutually agree (the ""Factory"").",1
574,112506,112593,Supplier will promptly notify Buyer in writing should there be any failure to adhere to the representations and warranties as stated herein.,Supplier will not promptly notify Buyer in writing should there be any failure to adhere to the representations and warranties as stated herein.,1
574,112521,112594,Supplier will only deliver the Products specified in a WA.,Supplier will not only deliver the Products specified in a WA.,1
574,112479,112595,"Supplier will not make any changes to the form, fit or function of the Products without Buyer's prior written consent, such consent not to be withheld unreasonably.","Supplier will make any changes to the form, fit or function of the Products without Buyer's prior written consent, such consent not to be withheld unreasonably.",1
574,112515,112596,Supplier will commence such performance within five (5) calendar days of Buyer's written notice to Supplier of an Epidemic Defect Rate.,Supplier may commence such performance within five (5) calendar days of Buyer's written notice to Supplier of an Epidemic Defect Rate.,1
574,112518,112597,Buyer may EXHIBIT 10.24 GOODS AGREEMENT cancel or reschedule the delivery date or change the delivery point as specified in the relevant SOW.,Buyer shall not EXHIBIT 10.24 GOODS AGREEMENT cancel or reschedule the delivery date or change the delivery point as specified in the relevant SOW.,1
574,112482,112598,Supplier shall process WAs issued by Buyer and shall accept all WAs in Accordance with this Goods Agreement and the applicable SOW.,Supplier shall not WAs issued by Buyer and shall not accept all WAs in Accordance with this Goods Agreement and the applicable SOW.,1
574,112520,112599,Buyer will use commercially reasonable efforts to issue a [*] rolling forecast for quantities of Products that may be required.,Buyer may use commercially reasonable efforts to issue a [*] rolling forecast for quantities of Products that may be required.,1
577,112951,113188,Nephros and Medica shall at the time of each report determine jointly the actions to be taken with respect to these findings.,Medica may delete all records. Medica can deliver up to two days after the specified date in a purchase order of all Cartri,1
577,113189,112898,ges specified in that purchase Medica must store up to three Nephros product samples from each sterilization lot for the purpose of potent,Nephros may order for delivery in any given Quarter an aggregate quantity of Cartridge not exceeding 110% of the Final Forecast Quantity.,1
577,112904,113190,Medica may not reject any purchase order that complies with the provisions of this Article 3.,"al clinical or regulatory investigations. With respect to its costs, obligations, and per",1
577,113002,113191,"After filing a response with any Governmental Authority, Medica shall within 5 Business Days notify Nephros of any further contacts with that Governmental Authority with respect to that response.","ormance under this agreement, Medica is not obliged to maintain records. Nephros may delay for at most three days the delivery of any Cartridges after a previous postponed delivery. Medica shall with",1
577,112995,113192,"(b) Nephros shall at its cost obtain and maintain productliability insurance coverage in the amount of $5,000,000 in relation to the Cartridge.","n 20 Business Days provide Nephros written confirmation that they have complied with the foregoing obligation, when requested from Nephros. N",1
577,113008,113193,"Medica shall also maintain records with respect to its costs, obligations, and performance under this agreement.",phros shall not reject any Cartridge that does not meet the Specification or comply with this agreement until it is ,1
577,112890,113194,Nephros may revise in any subsequent Rolling Forecast the forecast for any other month in any Rolling Forecast.,ested.,1
579,113790,113806,Customer will be responsible for restocking charges or freight cost incurred in connection with Dead Inventory.,Customer may be responsible for restocking charges or freight cost incurred in connection with Dead Inventory.,1
579,113625,113807,"Should Customer request the use of a ""loaner"" truck, USF will make reasonable efforts to accommodate supplying a truck for special occasions.","Should Customer request the use of a ""loaner"" truck, USF will not make reasonable efforts to accommodate supplying a truck for special occasions.",1
579,113559,113808,Customer will notify USF at least [***] days in advance of special promotions that may cause unusual or excessive demand on inventory.,Customer may notify USF at least [***] days in advance of special promotions that may cause unusual or excessive demand on inventory.,1
579,113592,113809,Customer will be required to complete the New Product/Special Order Notification and Agreement attached hereto as ATTACHMENT B for all Proprietary Products.,Customer will not be required to complete the New Product/Special Order Notification and Agreement attached hereto as ATTACHMENT B for all Proprietary Products.,1
579,113775,113811,USF may assign any accounts receivable due from Customer hereunder to any third party.,USF may not assign any accounts receivable due from Customer hereunder to any third party.,1
579,113684,113812,"Customer shall make weekly payments via wire transfer on the following Thursday, for the sales of the Applicable Sales Period that ended approximately oneweek prior.","Customer shall not make weekly payments via wire transfer on the following Thursday, for the sales of the Applicable Sales Period that ended approximately oneweek prior.",1
579,113639,113813,The price of product to Customer shall equal USF's invoice cost (as hereinafter defined) plus the agreed upon fee per case on cost as outlined below.,The price of product to Customer may equal USF's invoice cost (as hereinafter defined) plus the agreed upon fee per case on cost as outlined below.,1
579,113610,113814,USF agrees regular deliveries will not be made between the hours of 11:00 am and 2:00 pm with the exception of recoveries and offcycles.,USF agrees regular deliveries may be made between the hours of 11:00 am and 2:00 pm with the exception of recoveries and offcycles.,1
579,113601,113815,Customer shall make arrangements through USF order department for any goods to be returned to USF.,Customer shall not make arrangements through USF order department for any goods to be returned to USF.,1
581,114147,114402,Sponsor shall use best efforts to respond in writing to such Change Order promptly.,Sponsor must not use best efforts to respond in writing to such Change Order promptly.,1
581,114375,114404,CBSI will retain the originals in its archives.,CBSI may retain the originals in its archives.,1
582,114415,114548,AorTech shall use only approved suppliers listed on AorTech's approved supplier list when purchasing such material.,AorTech may use unapproved suppliers listed on AorTech's unapproved supplier list when purchasing such material.,1
582,114434,114549,"AorTech will return materials to suppliers for credit, less restocking fees, when appropriate.","AorTech may return materials to suppliers for credit, less restocking fees, when appropriate.",1
583,114583,114706,"If requested by Purchaser, 7UP/RC shall provide Purchaser with suitable evidence establishing that a cost increase did occur.","If requested by Purchaser, 7UP/RC shall not provide Purchaser with suitable evidence establishing that a cost increase did occur.",1
583,114593,114707,"At the end of the term of this Agreement, 7UP/RC may use the Equipment to produce Products as well as other energy drinks.","At the end of the term of this Agreement, 7UP/RC shall not use the Equipment to produce Products as well as other energy drinks.",1
583,114708,114581,"At any time during the term of this Agreement, 7UP/RC shall not pass through and otherwise charge Purchaser for any cost increases for raw materials, labor or as a result of changes in specifications.","At any time during the term of this Agreement, 7UP/RC may pass through and otherwise charge Purchaser for any cost increases for raw materials, labor or as a result of changes in specifications.",1
583,114709,114585,"Purchaser shall not purchase the equipment specified in Exhibit B (the ""Equipment') at its sole cost and expense.","Purchaser shall purchase the equipment specified in Exhibit B (the ""Equipment') at its sole cost and expense.",1
583,114615,114710,"In the event that such recall results from any cause or event arising from defective manufacture of the Product by 7UP/RC, 7UP/RC shall be responsible for all expenses of the recall.","In the event that such recall results from any cause or event arising from defective manufacture of the Product by 7UP/RC, 7UP/RC shall not be responsible for all expenses of the recall.",1
583,114577,114711,"7UP/RC shall charge Purchaser and Purchaser shall pay for Product as specified in Exhibit A, unless 7UP/RC and Purchaser agree in writing to a different price.","7UP/RC may charge Purchaser and Purchaser shall pay for Product as specified in Exhibit A, unless 7UP/RC and Purchaser agree in writing to a different price.",1
583,114589,114712,Purchaser shall also be responsible for all property taxes on the equipment.,Purchaser may also be responsible for all property taxes on the equipment.,1
583,114577,114713,"7UP/RC shall charge Purchaser and Purchaser shall pay for Product as specified in Exhibit A, unless 7UP/RC and Purchaser agree in writing to a different price.","7UP/RC shall not charge Purchaser and Purchaser shall not pay for Product as specified in Exhibit A, unless 7UP/RC and Purchaser agree in writing to a different price.",1
583,114591,114714,7UP/RC shall perform routine maintenance on the Equipment and shall be financially responsible for minor repairs.,7UP/RC shall not perform routine maintenance on the Equipment and shall be financially responsible for minor repairs.,1
583,114583,114715,"If requested by Purchaser, 7UP/RC shall provide Purchaser with suitable evidence establishing that a cost increase did occur.","If requested by Purchaser, 7UP/RC shall not Purchaser with suitable evidence establishing that a cost increase did occur.",1
583,114607,114716,Purchaser shall pay 7UP/RC a deposit equal to 7UP/RC standard rate which shall be refunded to Purchaser when the shells are returned.,Purchaser may pay 7UP/RC a deposit equal to 7UP/RC standard rate which may be refunded to Purchaser when the shells are returned.,1
583,114588,114717,Purchaser shall be responsible for the actual cost of the Equipment.,Purchaser may be responsible for the actual cost of the Equipment.,1
583,114678,114718,Purchaser shall also be financially responsible for all taxes and freight in connection with the New Equipment.,Purchaser may also be financially responsible for all taxes and freight in connection with the New Equipment.,1
583,114575,114719,Purchaser shall assume title and risk of loss for Product ordered upon delivery of Product to transport.,Purchaser shall not assume title and risk of loss for Product ordered upon delivery of Product to transport.,1
585,115201,115233,2.7 AMFS agrees that no fees shall be charged for the license granted hereunder.,2.7 AMFS agrees that no fees shall not be charged for the license granted hereunder.,1
586,115293,115381,9.5 The Company shall provide to the Customer written notification not less than thirty (30) days of any changes to the fees referred to herein due to direct increase/decrease costs by Company.,9.5 The Company shall not provide to the Customer written notification not less than thirty (30) days of any changes to the fees referred to herein due to direct increase/decrease costs by Company.,1
586,115339,115383,The Company may terminate the contract without cause and at no liability to the Company.,The Company shall not terminate the contract without cause and at no liability to the Company.,1
586,115266,115384,"2 4.3 The Company shall supply the Ingredients and Packaging Materials set forth in Schedule ""A"" or as mutually agreed to by the Company and the Customer.","2 4.3 The Company shall not supply the Ingredients and Packaging Materials set forth in Schedule ""A"" or as mutually agreed to by the Company and the Customer.",1
586,115286,115385,8.2 The Customer shall be allowed to return 48 x 40 fourway hardwood pallets and to receive credit for those returned as long as the Company is satisfied with the condition of such pallet.,8.2 The Customer shall not be allowed to return 48 x 40 fourway hardwood pallets and to receive credit for those returned as long as the Company is satisfied with the condition of such pallet.,1
586,115265,115386,"Upon receipt of debt owed, the Company will then release all Ingredients and Packaging Materials to the Customer.","Upon receipt of debt owed, the Company shall not then release all Ingredients and Packaging Materials to the Customer.",1
587,115574,115727,"Ligand shall solely control the implementation of any such recall, field alert, withdrawal or field correction.","Ligand shall not solely control the implementation of any such recall, field alert, withdrawal or field correction.",1
587,115464,115723,Ligand shall be permitted to send a representative to inventory API at Cardinal Health upon reasonable prior notice and not more than once in any 12month period.,Ligand may be permitted to send a representative to inventory API at Cardinal Health upon reasonable prior notice and not more than once in any 12month period.,1
258,28929,28910,This Agreement shall be construed and enforced in accordance with the laws of the State of *** (without regard to principles of conflicts of law).,"1.2 Patheon shall pay *** *** 1.3 Subject to Sections 5 and 6 hereof, Santarus shall pay *** *** *** *** 2.",0
258,28921,28930,6.2 Patheon shall conduct routine and preventative maintenance of the Packaging Equipment.,9.,0
258,28929,28918,This Agreement shall be construed and enforced in accordance with the laws of the State of *** (without regard to principles of conflicts of law).,"PATHEON REIMBURSEMENT No later than the *** following the date upon which Patheon has delivered to Santarus an aggregate of *** of SAN05 under the terms of the MSA, Patheon shall pay to Santarus the Reimbursement Amount.",0
258,28935,28918,Neither party may assign or otherwise transfer its rights or obligations hereunder without the prior written consent of the other party.,"PATHEON REIMBURSEMENT No later than the *** following the date upon which Patheon has delivered to Santarus an aggregate of *** of SAN05 under the terms of the MSA, Patheon shall pay to Santarus the Reimbursement Amount.",0
258,28920,28928,"TERMS & CONDITIONS WHILE PACKAGING EQUIPMENT IS OWNED BY SANTARUS Between the date hereof and the date Patheon has paid the Reimbursement Amount to Santarus: 6.1 Patheon shall operate and use the Packaging Equipment in accordance with the instructions set forth in the service manual provided by the manufacturer(s) of the Packaging Equipment, if any.",8.,0
258,28916,28935,4.,Neither party may assign or otherwise transfer its rights or obligations hereunder without the prior written consent of the other party.,0
258,28937,28933,4 above.,The parties may modify or amend the provisions hereof only by an instrument in writing duly executed by both of the parties.,0
258,28913,28916,*** Portions of this page have been omitted pursuant to a request for Confidential Treatment and filed separately with the Commission.,4.,0
258,28926,28918,"6.6 In the event that the MSA is terminated or expires prior to the payment by Patheon of the Reimbursement Amount pursuant to Section 5, *** *** *** *** (c) If Santarus desires the return of the Packaging Equipment, then Santarus shall pay Patheon for all reasonable costs relating to: i) *** *** ii) *** 7.","PATHEON REIMBURSEMENT No later than the *** following the date upon which Patheon has delivered to Santarus an aggregate of *** of SAN05 under the terms of the MSA, Patheon shall pay to Santarus the Reimbursement Amount.",0
258,28913,28909,*** Portions of this page have been omitted pursuant to a request for Confidential Treatment and filed separately with the Commission.,"The capital expenditures and related costs (the ""Expenditures"") associated with the Facility Improvements and Packaging Equipment is also detailed in Schedule A.",0
258,28929,28911,This Agreement shall be construed and enforced in accordance with the laws of the State of *** (without regard to principles of conflicts of law).,"EXPENDITURE APPROVAL Before any Packaging Equipment Expenditures are incurred by Patheon, it shall first obtain the prior written approval of Santarus for such Expenditure.",0
258,28910,28910,"1.2 Patheon shall pay *** *** 1.3 Subject to Sections 5 and 6 hereof, Santarus shall pay *** *** *** *** 2.","1.2 Patheon shall pay *** *** 1.3 Subject to Sections 5 and 6 hereof, Santarus shall pay *** *** *** *** 2.",0
258,28912,28935,Such approval may be obtained by an authorized representative of Santarus executing the relevant Patheon Capital Appropriation Approval Form.,Neither party may assign or otherwise transfer its rights or obligations hereunder without the prior written consent of the other party.,0
258,28926,28920,"6.6 In the event that the MSA is terminated or expires prior to the payment by Patheon of the Reimbursement Amount pursuant to Section 5, *** *** *** *** (c) If Santarus desires the return of the Packaging Equipment, then Santarus shall pay Patheon for all reasonable costs relating to: i) *** *** ii) *** 7.","TERMS & CONDITIONS WHILE PACKAGING EQUIPMENT IS OWNED BY SANTARUS Between the date hereof and the date Patheon has paid the Reimbursement Amount to Santarus: 6.1 Patheon shall operate and use the Packaging Equipment in accordance with the instructions set forth in the service manual provided by the manufacturer(s) of the Packaging Equipment, if any.",0
619,122609,122527,"Topps shall indemnify, defend and hold harmless Hershey from and against any and all claims, demands, suits, judgments, costs and expenses, including, without limitation, reasonable attorneys' fees, resulting from or arising out of any breach or violation of any representation, warranty or guarantee of Topps in this paragraph 5(a).",Any new technology or intellectual property or portion thereof developed solely by Hershey is to remain confidential and shall be owned by Hershey.,0
619,122575,122599,"(d) Topps has provided Hershey with specifications, formula sequences, time requirements and quality standards, which Topps may revise from timetotime, for the Products and/or the Packaged Products and any ingredient or component thereof which Hershey is to purchase hereunder.","If as a result of the exercise of the right granted pursuant to this Section 4(c), Topps shall acquire confidential, proprietary or trade secret information, Topps shall take all steps necessary to keep such information confidential and shall not use such information other than for analyzing Product quality as specifically set forth in Sections 4(c)(i) and 4(c)(ii).",0
619,122641,122441,": Director, Manufacturing With a copy to: Hershey Foods Corporation 100 Crystal A Drive Hershey, PA 17033 Attn.","(c) Topps shall provide to Hershey by the 1st of each month in which this Agreement is in effect a written firm purchase order for the next calendar month (the ""Purchase Order"").",0
619,122494,122660,Interest will accrue on any amount remaining unpaid at the end of such 30 day period at the rate of 1% per month unless Topps has notified Hershey of its good faith dispute of any invoiced item.,"In the event that Topps visits a Hershey facility in order to render assistance to Hershey, Topps may be asked to sign a Visitor Agreement (attached hereto as Exhibit A) containing a confidentiality provision which is of a term longer than this agreement; in such case the term and the conditions of such Visitor Agreement where they are inconsistent with this Agreement shall supersede this Agreement except that the reference in the Visitor's Agreement to ideas, as Proprietary Information, shall be deemed deleted.",0
619,122525,122531,"Topps specifically acknowledges that the technology, processing and operation of Hershey's continuous gum and base making process and the formulas are deemed proprietary intellectual property and/or trade secret information by Hershey and will be governed by the terms of this Agreement.","(e) After development of any item for which Topps requested Hershey's assistance as set forth above, Hershey shall have the first option to be the manufacturer for such changed or new product in the Territory so long as the cost to Topps (including capital costs and unit prices) shall be no greater than Topps can obtain elsewhere.",0
619,122591,122490,"Notwithstanding the foregoing, Hershey makes no representation or warranty of any kind to the extent any Product or Packaged Product fails to comply with (i) (iii) above to the extent the noncompliance is the result of (x) ingredients or Packaging components supplied by Topps, (y) the specifications, formula, sequences and instructions for the manufacturing process provided by Topps, or (z)any of the written specifications for the Packaged Product given to Hershey by Topps.","The new prices will be effective after use of the current inventory, using a FIFO depletion method.",0
619,122493,122651,Topps will pay Hershey the invoiced amount within 30 days of the invoice date.,"(ii) All costs and expenses of the recall shall be paid by Hershey if the reason for the recall is due to any event which occurred, or which failed to occur, while the Product or the Packaged Product was in the possession or control of Hershey (including, without limitation, the inclusion of foreign material or the inclusion of the product or the Packaged Product of ingredients or components that are or may be injurious to health), unless (A) the recall was the result of flavor or color ingredients or packaging components from a Topps approved supplier and Hershey has entered into a written agreement with such supplier under which Topps actually has an enforceable claim against such supplier as a third party beneficiary thereof (in which case Topps shall bear the costs and expenses of the recall) or (B) the ingredients or components were those supplied by Topps or (C) the recall was the result of any of the items for which Hershey is not responsible for under paragraph 4(b) (x), (y) or (z) or the proviso regarding Bazooka flavor contained in the second sentence of paragraph 4(b).",0
619,122484,122431,"Output changes, if any, will be based on the last six months' prior to October actual average output of each Packaged Product unless extenuating circumstances affected the sixmonth average.","EXECUTION COPY AMENDED AND RESTATED MANUFACTURING AGREEMENT This Amended and Restated Manufacturing Agreement is dated as of this 13th day of March, 1998 by and between Hershey Foods Corporation, a Delaware corporation with an address of 14 E. Chocolate Avenue, Hershey, PA 17033 Hershey (hereinafter ""Hershey"" ) and The Topps Company, Inc., a Delaware corporation, having offices at One Whitehall Street, New York, NY 100042109 (hereinafter ""Topps"").",0
619,122444,122586,"Upon receipt of the Purchase Order, Hershey shall notify Topps of its acceptance or rejection (only as permitted below) of the Purchase Order.","In the event any revision by Topps would increase the cost of performance to Hershey hereunder, then Hershey shall have the right to adjust the pricing of the Product as necessary.",0
619,122536,122528,"Topps shall either supply, or at its option pay for, all pallets and slip sheets to be used.","Any new technology or intellectual property developed jointly by Topps and Hershey will be owned jointly by the two parties, and each party shall have the unrestricted right to utilize, modify, enhance, replicate, and create derivatives of such technology or intellectual property.",0
619,122432,122642,"RECITALS WHEREAS, Topps and Leaf, Inc. entered into a Manufacturing Agreement as of November 6, 1996 (the ""Original Agreement""); WHEREAS, Hershey purchased Leaf, Inc. on December 30, 1996; WHEREAS, Topps and Hershey wish to amend and restate the terms upon which Hershey will manufacture for Topps the gum product(s) described on Schedule A (the ""Product"") and package the Product in certain packaging and labeling including, inter alia, Topps' name, trademarks and trade dress (the ""Packaging"")(the Product as packaged in the packaging is referred to herein as the ""Packaged Product"") for sale in the United States (the ""Territory""); and WHEREAS, Hershey and Topps desire to enter into this Agreement for the mutual considerations stated in this Agreement, in order to establish their respective rights, conditions, obligations and responsibilities with regard to the manufacture, supply and sale of the Packaged Products.",": Vice PresidentGeneral Counsel If to Topps: The Topps Company, Inc. 401 York Avenue Duryea, PA 18642 Attn: Vice PresidentManufacturing With copies to: The Topps Company, Inc. One Whitehall Street New York, NY 100042109 Attn.",0
619,122607,122565,"In the event that Topps receives a claim or notice of suit alleging such infringement, Topps shall promptly notify Hershey.",Topps will reimburse Hershey for all of its outofpocket expenses for Hershey's actual capital expense and capital costs for installing the machinery provided by Topps.,0
619,122589,122539,"(b) Hershey shall, at its sole cost, secure and maintain all necessary licenses, permits, authorizations or other approvals necessary for its performance hereunder including, without limitation, all licenses, permits and approvals required by the Federal Food and Drug Administration (the ""FDA"").","(g) Hershey shall not be liable for failure to perform or delay in performance hereunder if such failure or delay is due to fire, storms, floods, labor disputes, strikes, lockouts, war, riots, or civil commotion, embargoes, government or industry regulation, act of God, or any other cause or contingency beyond its reasonable control.",0
619,122662,122513,"(k) Nothing in this Agreement shall preclude Hershey from manufacturing any gum or confection product for itself or others so long as Hershey does not violate its obligations as set forth in this Agreement including, without limitation, paragraph 7(i) hereof.","D. Wrap or box changes in graphics, counts, size, etc.",0
619,122475,122480,Price changes in (i) above shall take place as and when Hershey uses the newly priced items in the Packaged Product.,B.,0
619,122588,122469,"Hershey shall also provide reasonable security measures against theft or sabotage, including the use of metal detectors supplied by Topps for all Products and Packaged Products with such detectors being operated at acceptable sensitivity levels, and shall code each case of Packaged Product with a special date code which indicates the date and shift of manufacture.","Hershey's production facility, exclusive of all sales, use, excise or other taxes, charges or assessments imposed on the purchase and resale of the Packaged Product, subject only those changes described in paragraph (d) below.",0
619,122565,122563,Topps will reimburse Hershey for all of its outofpocket expenses for Hershey's actual capital expense and capital costs for installing the machinery provided by Topps.,"Hershey shall be responsible for the normal and customary day to day maintenance and repair of Topps Equipment at its expense as necessary to keep Topps Equipment in good working order but not to exceed the condition in which Hershey received the machinery provided, however, that Topps shall pay for all rebuilds of Topps Equipment necessary in Hershey's reasonable opinion to maintain the operation or performance of the equipment or any other capital improvements to the Topps Equipment made with Topps' prior written consent.",0
619,122515,122657,"If Topps requests, Hershey shall assist Topps with the research and development and the implementation of changes or new products.","If, and only if, such sale takes place during the Extended Term and Topps does not require the purchaser to assume this Agreement for the remainder of the then existing term, then this Agreement shall, at Topps option and as a condition to such sale by Hershey, be assigned to and assumed by such purchaser with a shortened term of not less than six (6) months nor more than eighteen (18) months, such term to be designated by Topps within sixty (60) days after the closing of the sale.",0
619,122603,122446,5.,"Hershey shall, at all times, have sufficient Product production capacity to fully utilize all of Topps' wrapping machines for the Product (which shall be kept in good working order as further outlined in paragraph 3(a) below), based upon three shifts, five (5) days per week (excluding scheduled plant shutdowns which shall be agreed to by Hershey and Topps and Hershey's normal plant holidays).Hershey may only reject a Purchase Order to the extent Topps requirements for any month exceed such required capacity.",0
619,122559,122551,"TOPPS' RESPONSIBILITIES (a) Topps has shipped to Hershey at Topps' sole expense all of Topps wrapping machines for gum and other ancillary equipment listed on Schedule F (the ""Topps Equipment"").","If Hershey determines that the materials or supplier are not acceptable or Hershey has another reasonable basis for not buying such materials and, notwithstanding such advice from Hershey in writing, Topps requires Hershey to use such materials or supplier, Hershey shall not be responsible for any adverse effects which may occur and which are related to Hershey's basis for rejecting such supplier or materials.",0
619,122616,122461,"TERM AND TERMINATION (a) The Original Term of this Agreement shall be from the date of execution hereof through December 31, 1999.","Hershey shall perform such additional quality assurance tests, audits or evaluation that Topps may request, and Topps shall pay the incremental cost, if any, of the additional functions.",0
619,122567,122645,"Further, Hershey shall be entitled to test the machinery for operability and Topps will pay for all materials and Hershey's direct labor costs for such tests.","(d) In the event that any provision of this Agreement is held illegal or invalid for any reason, such illegality or invalidity shall not affect the remaining parts of this Agreement, but this Agreement shall be construed and enforced as if such illegal or invalid provision had never been inserted herein.",0
619,122483,122609,"Hershey and Topps shall together review the new Schedule D, and Hershey shall explain to Topps the basis for all changes from the prior Schedule D. (c) Topps and Hershey agree as follows with regard to pricing for Packaged Products during the Extended Term: (i) labor costs described in B (a) (ii) above will be reviewed and revised in the new Schedule D to take into account actual, reasonable and verifiable crewing changes, output changes, pay changes and benefit cost changes.","Topps shall indemnify, defend and hold harmless Hershey from and against any and all claims, demands, suits, judgments, costs and expenses, including, without limitation, reasonable attorneys' fees, resulting from or arising out of any breach or violation of any representation, warranty or guarantee of Topps in this paragraph 5(a).",0
619,122503,122584,C. The parties agree that the following will be applicable during the Original Term and the Extended Term as defined below: (a) The parties agree that Schedule A is not a static list of Products and Packaged Products and that Product and Packaged Product skus (stock keeping units) may be added or deleted at Topps' discretion.,4.,0
619,122561,122486,"In the event Topps does not so request the machinery within six (6) months after termination or expiration, Hershey shall be entitled to the machinery or to dispose of it at its sole option.","Minimum acceptable yields will be based on the six months' prior to October actual average yields, unless extenuating circumstances affected the sixmonth average.",0
619,122577,122485,"(e) Topps shall, at its sole cost, secure and maintain all necessary licenses, permits, authorizations or other approvals for the use of the ingredient statements, labeling, trademarks, trade names, trade dress or other elements of the Packaging hereunder.",(ii) minimum acceptable yields for ingredients and packaging for each year during the Extended Term will be mutually agreed to and set forth in Schedule D hereto.,0
619,122587,122652,"In the event any revisions by Topps reduces the cost of performance to Hershey hereunder, the prices shall be reduced in an amount equal to the cost of reduction.","All costs and expenses of the recall shall also be paid by Hershey if the reason for the recall is due to Hershey's conduct which is in breach of this Agreement, Hershey's failure to manufacture (including, without limitation, labeling) the Product or Packaged Product according to the specifications or Hershey's failure to store the Product or Packaged Product according to FDA or other applicable laws or regulations.",0
619,122505,122596,Topps and Hershey agree to review the pricing established by the parties for items added to the Schedule of Packaged Products 90 days after production of those new products has begun to determine the accuracy of the established prices.,"Hershey shall, on a weekly basis, send Topps samples (display box quantities) of the Products and the Packaged Products, and in the case of new Products and if requested by Topps, on a daily basis.",0
619,122465,122434,"The following will apply during the Original Term of this Agreement (as defined below): (a) For 1997, Hershey shall sell the Packaged Product to Topps at the price listed on Schedule D1997, F.O.B.","MANUFACTURING RELATIONSHIP (a) Subject to the terms and conditions of the Agreement, Topps appoints Hershey as its exclusive manufacturer of the Product and Packaged Product to be sold in the Territory and Hershey accepts such appointment.",0
619,122623,122511,"(c) Notwithstanding anything to the contrary in this Agreement, either party shall have the right to terminate this Agreement immediately, without further notice, if the other party becomes insolvent or makes an assignment for the benefit of creditors, a proceeding or petition for bankruptcy or insolvency is filed by or against the other party under any federal or state law in any court of competent jurisdiction, or receiver of assets is appointed or any levy of a material portion of the other party's assets under the attachment, execution or similar process is made, and the other party does not cure any of the foregoing within sixty (60) days of its occurrence.",Size changes.,0
619,122538,122546,Any other labeling or handling shall be negotiated by the parties in advance.,(i) Hershey shall provide evidence of all price changes referred to herein.,0
619,122597,122507,Topps shall bear the cost of such samples and shipping.,(b) The parties acknowledge that new product development is important to the vitality of the Bazooka brand and that product changes are sometimes required or advisable.,0
619,122518,122513,"(c) In the event Hershey makes its continuous gum base and gum making process available to Topps for use in producing the Products, and if Topps elects (in its discretion) to use the same, Topps agrees that it will use the same formula as Hershey chooses to utilize, except that Topps may choose the color and flavor of the Products produced by Hershey through this process.","D. Wrap or box changes in graphics, counts, size, etc.",0
619,122541,122497,"(h) Hershey agrees to carry insurance covering Products and general liability in amounts of not less than $1 million per occurrence and $2 million in the aggregate, and an umbrella policy of not less than $15 million in the aggregate.","If Hershey delivers the notice of termination, Topps shall then have the right (but not the obligation) to commit to Hershey (by written notice delivered by March 15 of that year) that it will purchase at least 4 million pounds of Product during that next calendar year.",0
619,122656,122643,Topps shall have fortyfive (45) days after written notice from Hershey to determine whether it will require such assignment.,: Vice PresidentOperations and Vice PresidentGeneral Counsel Either party may change its designated addressee on thirty (30) days' written notice.,0
619,122445,122603,"In the event Hershey does not accept the Purchase Order, the parties will use their best efforts to mutually agree on a revised Purchase Order.",5.,0
619,122617,122510,"(the ""Original Term"").",B.,0
619,122483,122447,"Hershey and Topps shall together review the new Schedule D, and Hershey shall explain to Topps the basis for all changes from the prior Schedule D. (c) Topps and Hershey agree as follows with regard to pricing for Packaged Products during the Extended Term: (i) labor costs described in B (a) (ii) above will be reviewed and revised in the new Schedule D to take into account actual, reasonable and verifiable crewing changes, output changes, pay changes and benefit cost changes.","In the event of Hershey's rejection of a Purchase Order due to a request in excess of the foregoing production capacity requirement, Topps shall be free to acquire up to that month's excess production requirements from another source.",0
619,122669,122623,(v) Hershey will not invoice Topps for the Packaged Products produced by Hershey at the time of shipment of such Packaged Products to Topps.,"(c) Notwithstanding anything to the contrary in this Agreement, either party shall have the right to terminate this Agreement immediately, without further notice, if the other party becomes insolvent or makes an assignment for the benefit of creditors, a proceeding or petition for bankruptcy or insolvency is filed by or against the other party under any federal or state law in any court of competent jurisdiction, or receiver of assets is appointed or any levy of a material portion of the other party's assets under the attachment, execution or similar process is made, and the other party does not cure any of the foregoing within sixty (60) days of its occurrence.",0
619,122536,122622,"Topps shall either supply, or at its option pay for, all pallets and slip sheets to be used.","A material breach includes, but is not limited to: (1) failure to pay material sums as provided for herein, unless such failure is the result of a good faith dispute between the parties; (2) Hershey's failure to comply with paragraphs 4(a) or 4(b) (unless such breach is caused by an act or omission of Topps); and (3) Hershey's failure, for a period of two (2) consecutive months or three (3) months during any twelve (12) month period, to meet Topps' actual production requirements.",0
619,122607,122500,"In the event that Topps receives a claim or notice of suit alleging such infringement, Topps shall promptly notify Hershey.","(vii) For calendar years 2000, 2001 and 2002, the overhead rate per pound of Packaged Product shall be fixed at $0.34 per pound.",0
619,122434,122613,"MANUFACTURING RELATIONSHIP (a) Subject to the terms and conditions of the Agreement, Topps appoints Hershey as its exclusive manufacturer of the Product and Packaged Product to be sold in the Territory and Hershey accepts such appointment.","Hershey shall then, at its sole expense, settle or defend (with counsel of its own choice) any such claim brought against Hershey and/or Topps.",0
619,122576,122639,"Topps may modify the Product to be manufactured hereunder and/or change the Packaging and Hershey shall manufacture such changed Product or Packaging; provided, however, that if any such modification or change would increase the cost of performance to Hershey hereunder, then Hershey shall have the right to adjust the pricing of the Product, as necessary, to offset such incremental cost and the prices shall be reduced to Topps to the extent the costs are thereby reduced.","Whenever notices are necessary under this Agreement, they shall be considered given to the other party when personally delivered, telegraphed, telexed, sent by facsimile transmission or, if by certified mail, four days after the date of the mailing 15 or, if by express mail, on the next business day.",0
619,122663,122477,"(l) Nothing contained herein shall place the parties in the relationship of partners, joint venturers, principalagent, or employeremployee and neither party shall have any right to obligate or bind the other in any manner whatsoever.",Hershey shall give Topps notice of all pricing changes promptly after Hershey learns of such changes along with copies of the notices or invoices received from its vendor.,0
619,122597,122459,Topps shall bear the cost of such samples and shipping.,The reports shall be substantially in the form attached hereto as Schedule B.,0
619,122513,122583,"D. Wrap or box changes in graphics, counts, size, etc.","(g) Topps shall indemnify, defend and hold harmless Hershey and its parent, affiliates, subsidiaries, officers, directors, employees and stockholders from and against any and all claims, demands, suits, judgments, costs and expenses, including, without limitation, reasonable attorneys' fees, (1) resulting from or arising out of either: (i) Topps marketing practices and selling practices for the Packaged Products; (ii) errors by Topps in the labeling of the Packaged Product; (iii) any ingredient, packaging, formula, process or other component of the Product or Packaged Product supplied by Topps; or (iv) any breach or violation, or a claim by a third party that, if true, would be a breach or violation, by Topps of any provision of this Agreement or of any representation, warranty, covenant or guarantee of Topps under this Agreement, or (2) caused by any of the written specifications for the Packaged Product given to Hershey by Topps, except to the extent any of the foregoing arise out of Hershey's negligent act or omission.",0
619,122576,122658,"Topps may modify the Product to be manufactured hereunder and/or change the Packaging and Hershey shall manufacture such changed Product or Packaging; provided, however, that if any such modification or change would increase the cost of performance to Hershey hereunder, then Hershey shall have the right to adjust the pricing of the Product, as necessary, to offset such incremental cost and the prices shall be reduced to Topps to the extent the costs are thereby reduced.","(i) Hershey and Topps will not use or commercially exploit for its own benefit or the benefit of others any Confidential Information, nor will the receiving party disclose any Confidential Information to any person, firm or corporation except (i) employees of the receiving party who have a need to know such 17 Confidential Information and who have been informed of the receiving party's obligations hereunder, and (ii) contractors or consultants under contract to the receiving party who have a need to know such Confidential Information, who have been approved by the disclosing party in advance of any disclosure of Confidential Information, and who have been informed of the receiving party's obligations hereunder, unless the information: 1. was known to the receiving party prior to disclosure by the disclosing party; or 2. was publicly available at the time of the disclosure to the receiving party; or 3. subsequently becomes publicly available through no fault of the receiving party; or 4. is rightfully acquired by the receiving party subsequent to disclosure by the disclosing party from a third party who is not in breach of a confidential relationship to the disclosing party with regard to such information; or 5. is independently developed by the receiving party and the receiving party shall have the obligation of proving independent development.",0
619,122606,122531,"Topps represents, warrants and guarantees that no intellectual property which it may provide, and no name or mark or aspect of the trade dress used on the Packaging, or in any other way made a part of the Packaging, shall infringe upon or violate any copyright, patent, trade secret, trade name, trademark or any other proprietary rights, or other utility patent rights, of any person not a party to this Agreement, or violate any laws, rules or regulations prohibiting deceptive or other forms of advertising.","(e) After development of any item for which Topps requested Hershey's assistance as set forth above, Hershey shall have the first option to be the manufacturer for such changed or new product in the Territory so long as the cost to Topps (including capital costs and unit prices) shall be no greater than Topps can obtain elsewhere.",0
619,122501,122614,"Promptly after execution of this Amended and Restated Manufacturing Agreement, the parties shall work, in good faith, to establish a methodology, by October 15, 1998, for determining the overhead rate per pound of Packaged Product for all years after 2002 that the Agreement is in effect.","Hershey shall indemnify, defend and hold harmless Topps from and against any and all claims, demands, suits, judgments, costs and expenses, including, without limitation, reasonable attorneys' fees, resulting from or arising out of any breach or violation of any 13 representation, warranty or guarantee of Hershey in this paragraph 5(b).",0
619,122543,122622,"Hershey will provide Topps with a certificate or certificates of insurance evidencing such coverage and such other evidence as Topps may reasonably request to insure that the insurer is required to cover Topps, as an additional insured, for the deductible portion as well.","A material breach includes, but is not limited to: (1) failure to pay material sums as provided for herein, unless such failure is the result of a good faith dispute between the parties; (2) Hershey's failure to comply with paragraphs 4(a) or 4(b) (unless such breach is caused by an act or omission of Topps); and (3) Hershey's failure, for a period of two (2) consecutive months or three (3) months during any twelve (12) month period, to meet Topps' actual production requirements.",0
619,122483,122658,"Hershey and Topps shall together review the new Schedule D, and Hershey shall explain to Topps the basis for all changes from the prior Schedule D. (c) Topps and Hershey agree as follows with regard to pricing for Packaged Products during the Extended Term: (i) labor costs described in B (a) (ii) above will be reviewed and revised in the new Schedule D to take into account actual, reasonable and verifiable crewing changes, output changes, pay changes and benefit cost changes.","(i) Hershey and Topps will not use or commercially exploit for its own benefit or the benefit of others any Confidential Information, nor will the receiving party disclose any Confidential Information to any person, firm or corporation except (i) employees of the receiving party who have a need to know such 17 Confidential Information and who have been informed of the receiving party's obligations hereunder, and (ii) contractors or consultants under contract to the receiving party who have a need to know such Confidential Information, who have been approved by the disclosing party in advance of any disclosure of Confidential Information, and who have been informed of the receiving party's obligations hereunder, unless the information: 1. was known to the receiving party prior to disclosure by the disclosing party; or 2. was publicly available at the time of the disclosure to the receiving party; or 3. subsequently becomes publicly available through no fault of the receiving party; or 4. is rightfully acquired by the receiving party subsequent to disclosure by the disclosing party from a third party who is not in breach of a confidential relationship to the disclosing party with regard to such information; or 5. is independently developed by the receiving party and the receiving party shall have the obligation of proving independent development.",0
619,122480,122470,B.,"(c) For the period from January 1, 1999 through December 31, 1999, Hershey shall sell the Packaged Product to Topps at the prices listed on Schedule D1999, F.O.B.",0
619,122463,122670,2.,Hershey will cooperate in no shipping procedures.,0
619,122436,122525,Nothing in this Agreement shall restrict Topps from selling the Packaged Product outside the Territory.,"Topps specifically acknowledges that the technology, processing and operation of Hershey's continuous gum and base making process and the formulas are deemed proprietary intellectual property and/or trade secret information by Hershey and will be governed by the terms of this Agreement.",0
619,122659,122458,"The term Confidential Information shall include, without limitation, either Topps' or Hershey's formula, recipe, formula sequences and processes relating to the production and maintenance of the Product and the Packaged Product, as well as Topps' purchase order, purchasing information, production requirements, production forecasts, etc.","(e) Hershey will provide daily production reports and monthly reports on waste levels (gum and packaging), line output, etc., to be used by the parties to monitor performance related improvements and production levels.",0
619,122568,122580,"(c) Topps acknowledges that Hershey incurred substantial start up costs when it began production for Topps under the Original Agreement and that those costs continued through October 31, 1997.","At Hershey's request, Topps will provide Hershey with a certificate or certificates of insurance evidencing such coverage.",0
619,122481,122494,"The following shall apply during the Extended Term (as defined below): (a) Topps shall pay Hershey as follows: (i) the actual cost of ingredients and packaging to be provided by Hershey; (ii) Hershey's cost of labor and benefits as calculated from the crewing, output and pay rates plus the benefits cost per labor dollar; (iii) the overhead rate per pound of Packaged Product manufactured, which shall be determined in accordance with subparagraph B(c)(vii) below; and (iv) five (5)% of the total of subparagraphs B(a)(i)(iii) above.",Interest will accrue on any amount remaining unpaid at the end of such 30 day period at the rate of 1% per month unless Topps has notified Hershey of its good faith dispute of any invoiced item.,0
619,122652,122507,"All costs and expenses of the recall shall also be paid by Hershey if the reason for the recall is due to Hershey's conduct which is in breach of this Agreement, Hershey's failure to manufacture (including, without limitation, labeling) the Product or Packaged Product according to the specifications or Hershey's failure to store the Product or Packaged Product according to FDA or other applicable laws or regulations.",(b) The parties acknowledge that new product development is important to the vitality of the Bazooka brand and that product changes are sometimes required or advisable.,0
619,122496,122620,"5 (vi) During the Extended Term only, in the event during any calendar year Topps purchases less than 4 million pounds of Product from Hershey, then Hershey shall have the option of terminating this Agreement upon eighteen (18) months' written notice to Topps delivered within thirty (30) days after the end of such calendar year.","Beginning on December 31, 1998 and on each December 31 thereafter, the Extended Term shall automatically be extended for an additional term of one (1) year so that there are always five (5) years remaining in the term, unless either party delivers notice, at least thirty (30) days prior to any such December 31, of its desire to terminate this Agreement at the end of the then current five (5) year term.",0
619,122493,122568,Topps will pay Hershey the invoiced amount within 30 days of the invoice date.,"(c) Topps acknowledges that Hershey incurred substantial start up costs when it began production for Topps under the Original Agreement and that those costs continued through October 31, 1997.",0
619,122436,122648,Nothing in this Agreement shall restrict Topps from selling the Packaged Product outside the Territory.,"16 (g) (i) The determination of the necessity of a product recall, whether or not such recall is due to defects or potential defects in the Products or Packaged Products subject to possible recall, the procedure for handling the recall, the disposition of recalled Products or Packaged Products and packaging, and all other considerations involved in such a recall, shall be made by Topps after consultation with Hershey.",0
619,122433,122434,"NOW, THEREFORE, Hershey and Topps, in consideration of the mutual promises and undertakings contained below, agree as follows: 1.","MANUFACTURING RELATIONSHIP (a) Subject to the terms and conditions of the Agreement, Topps appoints Hershey as its exclusive manufacturer of the Product and Packaged Product to be sold in the Territory and Hershey accepts such appointment.",0
619,122461,122651,"Hershey shall perform such additional quality assurance tests, audits or evaluation that Topps may request, and Topps shall pay the incremental cost, if any, of the additional functions.","(ii) All costs and expenses of the recall shall be paid by Hershey if the reason for the recall is due to any event which occurred, or which failed to occur, while the Product or the Packaged Product was in the possession or control of Hershey (including, without limitation, the inclusion of foreign material or the inclusion of the product or the Packaged Product of ingredients or components that are or may be injurious to health), unless (A) the recall was the result of flavor or color ingredients or packaging components from a Topps approved supplier and Hershey has entered into a written agreement with such supplier under which Topps actually has an enforceable claim against such supplier as a third party beneficiary thereof (in which case Topps shall bear the costs and expenses of the recall) or (B) the ingredients or components were those supplied by Topps or (C) the recall was the result of any of the items for which Hershey is not responsible for under paragraph 4(b) (x), (y) or (z) or the proviso regarding Bazooka flavor contained in the second sentence of paragraph 4(b).",0
619,122643,122511,: Vice PresidentOperations and Vice PresidentGeneral Counsel Either party may change its designated addressee on thirty (30) days' written notice.,Size changes.,0
619,122456,122648,During March and September of each year 2 hereunder Topps and Hershey will review inventories of ingredients and packaging materials and will agree on the disposition of and reimbursement for obsolete items.,"16 (g) (i) The determination of the necessity of a product recall, whether or not such recall is due to defects or potential defects in the Products or Packaged Products subject to possible recall, the procedure for handling the recall, the disposition of recalled Products or Packaged Products and packaging, and all other considerations involved in such a recall, shall be made by Topps after consultation with Hershey.",0
619,122585,122657,"HERSHEY'S RESPONSIBILITIES (a) As an essential condition of this Agreement, Hershey shall, at all times, manufacture and produce the Product and the Packaged Product strictly in accordance with Topps specifications, formula sequences, time requirements and quality standards, which Topps may revise from timetotime.","If, and only if, such sale takes place during the Extended Term and Topps does not require the purchaser to assume this Agreement for the remainder of the then existing term, then this Agreement shall, at Topps option and as a condition to such sale by Hershey, be assigned to and assumed by such purchaser with a shortened term of not less than six (6) months nor more than eighteen (18) months, such term to be designated by Topps within sixty (60) days after the closing of the sale.",0
619,122622,122480,"A material breach includes, but is not limited to: (1) failure to pay material sums as provided for herein, unless such failure is the result of a good faith dispute between the parties; (2) Hershey's failure to comply with paragraphs 4(a) or 4(b) (unless such breach is caused by an act or omission of Topps); and (3) Hershey's failure, for a period of two (2) consecutive months or three (3) months during any twelve (12) month period, to meet Topps' actual production requirements.",B.,0
619,122610,122657,"(b) Hershey shall have no right to use any of Topps marks, names, other trade identities, copyrighted works or other intellectual property (including without limitation the Bazooka flavors or Burst technology), except in the Product and the Packaged Product in accordance with the Agreement.","If, and only if, such sale takes place during the Extended Term and Topps does not require the purchaser to assume this Agreement for the remainder of the then existing term, then this Agreement shall, at Topps option and as a condition to such sale by Hershey, be assigned to and assumed by such purchaser with a shortened term of not less than six (6) months nor more than eighteen (18) months, such term to be designated by Topps within sixty (60) days after the closing of the sale.",0
619,122642,122513,": Vice PresidentGeneral Counsel If to Topps: The Topps Company, Inc. 401 York Avenue Duryea, PA 18642 Attn: Vice PresidentManufacturing With copies to: The Topps Company, Inc. One Whitehall Street New York, NY 100042109 Attn.","D. Wrap or box changes in graphics, counts, size, etc.",0
619,122457,122642,Topps shall only be required to reimburse Hershey for any purchases of ingredients or packaging materials made by Hershey in excess of this three month supply if Topps has approved these purchases in writing in advance and Hershey cannot use these ingredients.,": Vice PresidentGeneral Counsel If to Topps: The Topps Company, Inc. 401 York Avenue Duryea, PA 18642 Attn: Vice PresidentManufacturing With copies to: The Topps Company, Inc. One Whitehall Street New York, NY 100042109 Attn.",0
619,122630,122502,"(h) Upon any termination or expiration of this Agreement, Topps shall have the obligation to purchase, and shall receive, all Packaging material and other material containing Topps trademarks ordered or in Hershey's possession, as well as all Product or Packaged Product ingredients ordered or in Hershey's possession, all at Hershey's actual cost therefor (provided the materials are of good quality).","That methodology, when mutually agreed upon, will become part of this Agreement as Schedule E. The actual overhead rate for each year after 2002 will be calculated in accordance with this methodology and will be included on the new Schedule D. In the event the total overhead rate per pound of Packaged Product as listed in Schedule D for any such year exceeds the overhead rate per pound of Packaged Product for that listed in Schedule D for the prior year by more than 6%, Topps shall have the right to terminate this Agreement on not less than six (6) nor more than eighteen (18) months' written notice delivered at any time within ninety (90) days after the later of the date the new Schedule D is established or February 15 of the new year.",0
619,122486,122478,"Minimum acceptable yields will be based on the six months' prior to October actual average yields, unless extenuating circumstances affected the sixmonth average.","On March 31, June 30, September 30 and December 31 of each year during the Original Term Hershey will provide Topps with copies of the most recent invoices Hershey has received for packaging and ingredients used to manufacture the Packaged Product.",0
619,122644,122514,"(c) A termination or expiration of this Agreement shall not affect the rights and responsibilities of the parties accruing prior to the date of termination or expiration and, notwithstanding that this Agreement may otherwise terminate or expire, any and all provisions regarding confidential information and indemnification shall remain in full force and effect.",E. Ingredient changes.,0
619,122531,122432,"(e) After development of any item for which Topps requested Hershey's assistance as set forth above, Hershey shall have the first option to be the manufacturer for such changed or new product in the Territory so long as the cost to Topps (including capital costs and unit prices) shall be no greater than Topps can obtain elsewhere.","RECITALS WHEREAS, Topps and Leaf, Inc. entered into a Manufacturing Agreement as of November 6, 1996 (the ""Original Agreement""); WHEREAS, Hershey purchased Leaf, Inc. on December 30, 1996; WHEREAS, Topps and Hershey wish to amend and restate the terms upon which Hershey will manufacture for Topps the gum product(s) described on Schedule A (the ""Product"") and package the Product in certain packaging and labeling including, inter alia, Topps' name, trademarks and trade dress (the ""Packaging"")(the Product as packaged in the packaging is referred to herein as the ""Packaged Product"") for sale in the United States (the ""Territory""); and WHEREAS, Hershey and Topps desire to enter into this Agreement for the mutual considerations stated in this Agreement, in order to establish their respective rights, conditions, obligations and responsibilities with regard to the manufacture, supply and sale of the Packaged Products.",0
619,122508,122510,"Without limiting the foregoing, examples of some of these new products or product changes are: 6 A.",B.,0
619,122513,122539,"D. Wrap or box changes in graphics, counts, size, etc.","(g) Hershey shall not be liable for failure to perform or delay in performance hereunder if such failure or delay is due to fire, storms, floods, labor disputes, strikes, lockouts, war, riots, or civil commotion, embargoes, government or industry regulation, act of God, or any other cause or contingency beyond its reasonable control.",0
619,122504,122557,Pricing for any additional Product or Packaged Product skus will be established using the same basic cost and profit structure as was used to determine the agreed upon pricing of other skus provided for herein.,"Nothing contained in this Agreement, however, shall require Topps to make any minimum purchases of the Product or the Packaged Product whatsoever.",0
619,122573,122605,"Hershey hereby waives any claim that it may have relating to the condition, as it existed at the date of delivery by Topps of the Topps Equipment that has been delivered by Topps prior to the date hereof; provided, however, that the foregoing shall not be interpreted as a waiver by Hershey of any claim regarding equipment which is delivered by Topps after the date hereof.","Topps shall have no right to use any of Hershey's marks, names, other trade identities, copyrighted works or other intellectual property except to the extent that Hershey has incorporated its own intellectual property in or used in the manufacture of the Product or Packaged Product supplied by Hershey to Topps.",0
619,122656,122607,Topps shall have fortyfive (45) days after written notice from Hershey to determine whether it will require such assignment.,"In the event that Topps receives a claim or notice of suit alleging such infringement, Topps shall promptly notify Hershey.",0
619,122596,122449,"Hershey shall, on a weekly basis, send Topps samples (display box quantities) of the Products and the Packaged Products, and in the case of new Products and if requested by Topps, on a daily basis.","Additionally, if Topps requests incremental production which exceeds Hershey's 5 day, 3 shifts per day capacity, Hershey will provide Topps with a cost estimate for the incremental overtime production.",0
619,122516,122638,"If Topps so requests Hershey's assistance, Topps shall be required to pay the capital costs for the equipment required to produce a new or changed product and Topps will retain ownership thereof.","(b) Any notice required or necessary under this Agreement shall be in writing and shall be delivered either in person, or by telegraph, telex, facsimile transmission, or by certified or express mail, postage prepaid.",0
619,122501,122533,"Promptly after execution of this Amended and Restated Manufacturing Agreement, the parties shall work, in good faith, to establish a methodology, by October 15, 1998, for determining the overhead rate per pound of Packaged Product for all years after 2002 that the Agreement is in effect.","If Topps elects to produce the product, for sale in the Territory, elsewhere, Topps will reimburse Hershey for costs Hershey incurred on the development project.",0
619,122500,122536,"(vii) For calendar years 2000, 2001 and 2002, the overhead rate per pound of Packaged Product shall be fixed at $0.34 per pound.","Topps shall either supply, or at its option pay for, all pallets and slip sheets to be used.",0
619,122462,122574,"(g) Hershey agrees to maintain adequate records of production, including lot numbers, dates, codes, etc., to identify and isolate production and to reduce losses in the event of a product recall or defect.",Except as specifically set forth in the preceding sentence this section is not intended to limit Topps' obligations with regard to equipment as set forth in paragraphs 3(a) and (b) above.,0
619,122567,122498,"Further, Hershey shall be entitled to test the machinery for operability and Topps will pay for all materials and Hershey's direct labor costs for such tests.","If Topps does so commit and meets the 4 million pound level, the notice of termination shall be void and this Agreement shall remain in full force and effect.",0
